{
  "VGG-A": {
    "min_curve": [
      2.302428960800171,
      2.303095817565918,
      2.2985501289367676,
      2.303163766860962,
      2.2982914447784424,
      2.2961854934692383,
      2.293550491333008,
      2.261834144592285,
      2.1727235317230225,
      2.277820110321045,
      2.1687204837799072,
      2.1954102516174316,
      2.198590040206909,
      2.2130179405212402,
      2.166564464569092,
      2.1879982948303223
    ],
    "max_curve": [
      2.302428960800171,
      6.42149543762207,
      2.302218437194824,
      2.3113555908203125,
      2.302948474884033,
      2.301358222961426,
      2.304889678955078,
      2.30167555809021,
      2.302682876586914,
      2.3027257919311523,
      2.2963662147521973,
      2.269071102142334,
      2.2477900981903076,
      2.2906436920166016,
      2.2872774600982666,
      2.299771785736084
    ]
  },
  "VGG-A+BN": {
    "min_curve": [
      2.593332290649414,
      2.2454280853271484,
      2.0402462482452393,
      2.1076478958129883,
      2.058772563934326,
      1.9824680089950562,
      1.9106637239456177,
      1.8385279178619385,
      1.87839937210083,
      1.8682777881622314,
      1.8307619094848633,
      1.8759849071502686,
      1.81113600730896,
      1.890186071395874,
      1.8048906326293945,
      1.8156551122665405
    ],
    "max_curve": [
      2.593332290649414,
      2.4423317909240723,
      2.4032394886016846,
      2.4217584133148193,
      2.217473030090332,
      2.1630921363830566,
      2.195429563522339,
      2.0251495838165283,
      1.9815587997436523,
      2.0225179195404053,
      2.018033981323242,
      1.9741897583007812,
      1.9669243097305298,
      2.010592460632324,
      1.9112507104873657,
      1.9211170673370361
    ]
  }
}